{"cameraMode":{"drawMode":0,"name":"Shaded","section":"Shading Mode"},"sceneLighting":false,"audioPlay":false,"sceneViewState":{"showFog":true,"showMaterialUpdate":false,"showSkybox":true,"showFlares":true,"showImageEffects":true,"showParticleSystems":true},"in2DMode":false,"pivot":{"x":1.9957542419433594,"y":0.32915574312210085,"z":3.2538535594940187},"rotation":{"x":0.11566374450922013,"y":-0.874160647392273,"z":0.25468507409095766,"w":0.39699649810791018},"size":3.5660250186920168,"orthographic":false}